Nombre,Edad,Carrera,Semestre,IndicadorEscolar,NumeroDeCuenta,Promedio,NumMateriasNoAcreditadas,Direccion,NumeroInscripcion
SOFIA VICTORIA SAENZ LOPEZ,17,Ingenieria Electrica Electronica,1,83205.46,558906260,8.320546,0,  CARR INTERNACIONAL KM NO 88 98534 ,1
JULIA COTA ARENAS,24,Ingenieria Aeroespacial,7,80565.0,463737806,8.0565,0,SALVADOR NAVA 57 VIRREYES 37389,2
SAMARA BETANCOURT URIBE,26,Ingenieria Mecanica,10,80512.875,491932488,8.051288,0,DURANGO NO.680 SUR CIUDAD OBREGON 85089,3
ELIEL AMARO CANCHE,15,Ingenieria Aeroespacial,2,79936.664,191386237,7.993666,0,SEBASTIAN BACH NO. 4797 PRADOS GUADALUPE 45030,4
AMAIRANI ROLDAN NEGRETE,26,Ingenieria Electrica Electronica,9,79698.84,466126892,7.969884,0,DURANGO NO.239 SUR CIUDAD OBREGON 85000,5
ALEX ZAMBRANO ESPINOSA,22,Ingenieria Ambiental,5,79631.55,312626008,8.294952,1,SALVADOR NAVA 445 VIRREYES 782605,6
JESUS GABRIEL GUZMAN MARES,15,Ingenieria Electrica Electronica,2,79272.04,477687354,7.927204,0,NICOLAS ROMERO SN NO. S/N BARRIO TLATILCO 54771,7
DYLAN EDUARDO MOLINA BADILLO,25,Ingenieria Electrica Electronica,9,79026.125,273048444,8.270176,0,DURANGO NO.239 SUR CIUDAD OBREGON 85000,8
ALEXANDRA JARAMILLO PINEDA,24,Ingenieria Mecanica,8,78976.19,491452660,8.1001215,0,PLAN DE SAN LUIS MZ. 5 L 589 SN SANTA MARIA AZTAHUACAN 09509,9
EVELYN GUADALUPE CERVANTES OLMOS,24,Ingenieria Mecanica,7,78146.11,139376052,8.288223,2, 58 NO. 5789 NO. 2 FATIMA 88533,10
SOFIA YAMILETH PERALTA NIEVES,19,Ingenieria Mecanica,3,78037.23,180851194,8.361132,0,ZACATECAS NO. 799 RODRIGUEZ 36763,11
ANGEL MATEO JACOBO CAZARES,17,Ingenieria Ambiental,1,77927.016,545742988,7.7927017,0,ALMAZAN 1750 PTE TOPO CHICO 64260,12
VALENTINA GUADALUPE GALLARDO CARDONA,22,Ingenieria Industrial,5,77495.47,670584300,7.7495465,0,PLAN DE SAN LUIS MZ. 5 L 602 SN SANTA MARIA AZTAHUACAN 08954,13
ARELY SALDAÑA GONZALEZ,25,Ingenieria Ambiental,10,77017.53,437026292,8.186387,1,NICOLAS ROMERO SN NO. 8643 BARRIO TLATILCO 55203,14
ADOLFO CUELLAR CASTAÑEDA,26,Ingenieria En Computacion,10,76551.93,262073317,7.655193,0,CEDROS NO. 7 V DE COMERCIANTES LA MESA 22474,15
IAN MATEO ORTEGA BELTRAN,25,Ingenieria Electrica Electronica,7,76527.484,597331266,8.116551,2,Av La Paz 2183-B Cp. 441489,16
ORLANDO BRIONES LORENZO,22,Ingenieria Industrial,6,76180.76,330012576,7.8807683,1, GUERRERO NO. 108 ZACATECAS CENTRO 98899,17
SAMARA MONTIEL ANGULO,24,Ingenieria Electrica Electronica,7,75942.45,449817243,8.0545025,2,RIO ELBA 26 DEL VALLE 45007,18
MARIA MAGDALENA MELCHOR CADENA,21,Ingenieria En Computacion,6,75774.84,199425567,8.10908,1,PLAN DE SAN LUIS MZ. 5 L 589 SN SANTA MARIA AZTAHUACAN 09509,19
ANGEL MANUEL RIOS ROMERO,22,Ingenieria Mecanica,5,75404.12,322265056,7.854595,0,AV ESCONDIDA NO. 68 NO. S/N BENITO JUAREZ 35780,20
MONICA BOLAÑOS FELIX,25,Ingenieria Ambiental,9,75140.97,466295353,7.86359,0,JUAREZ SUR NO 689 SAN LORENZO 23522,21
JUAN LUIS ARROYO ESQUIVEL,26,Ingenieria Industrial,7,75116.29,553701326,7.7325587,0,5 DE FEBRERO 1300 OTE NO. S/N DURANGO CENTRO 340,22
MELANY CUEVAS BELTRAN,23,Ingenieria Industrial,5,74854.47,343126964,7.79734,0,CEDROS NO. 29 V DE COMERCIANTES LA MESA 22455,23
RUBI ORTEGA ZACARIAS,18,Ingenieria Electrica Electronica,4,74704.14,178683856,7.863594,1,HUASTECA NO. 151 INDUSTRIAL 85338 ,24
DIEGO GAEL NIEVES BARRIOS,20,Ingenieria Mecanica,4,74251.99,217304562,7.815999,1,SEXTA Y LAG SALADA 6890 INDUSTRIAL 87389,25
MARCELA MONROY CHI,15,Ingenieria Mecanica,1,73802.26,385463459,7.380226,0,ALMAZAN 8632 PTE TOPO CHICO 64260,26
JESUS ALEJANDRO VILLANUEVA FIGUEROA,26,Ingenieria Mecanica,10,73652.15,355566358,7.8353353,0,AV ESCONDIDA NO. 98 NO. S/N BENITO JUAREZ 58890,27
ALISSON GUADALUPE ARCOS HINOJOSA,16,Ingenieria Industrial,1,73538.055,522468750,7.3538055,0,8 NO. 58 FILADELFIA 35019,28
ANA BRENDA NAVARRETE SANTANA,19,Ingenieria Mecanica,4,73522.18,590465051,7.7391768,0,8 NO. 699 FILADELFIA 35010,29
MIA FERNANDA BARRON ANGULO,25,Ingenieria Mecanica,9,73310.36,119096119,8.229128,1,AV ESCONDIDA NO. 98 NO. S/N BENITO JUAREZ 58300,30
LIA XIMENA COVARRUBIAS LOZANO,23,Ingenieria En Computacion,5,73232.12,636232173,7.6283455,1, GUERRERO NO. 108 ZACATECAS CENTRO 98743,31
EVELYN SOFIA NICOLAS OSUNA,24,Ingenieria Aeroespacial,7,73226.25,490982582,8.244682,1,PORTAL MORELOS NO. 68 NO. 1 PATZCUARO CENTRO 47864,32
LUIS CARLOS SALGADO ALCALA,15,Ingenieria Aeroespacial,2,73066.48,560237549,8.118498,1, 58 NO. 5789 NO. 2 FATIMA 63829,33
KARIME ALCANTAR MUNGUIA,22,Ingenieria Aeroespacial,6,72504.26,573542568,7.7683125,2,SEXTA Y LAG SALADA 3 INDUSTRIAL 87354,34
GONZALO AGUILERA CORTES,19,Ingenieria Mecanica,3,72493.52,380833335,8.364637,0,SEXTA Y LAG SALADA 8 INDUSTRIAL 87830,35
JOSE RAMON AVENDAÑO NAJERA,26,Ingenieria Aeroespacial,10,72492.41,153621020,7.8693447,1,  AV AMERICAS NO. 790 NO. 6 MARGARITAS 38903,36
CARLOS DAMIAN PEREZ CISNEROS,25,Ingenieria Industrial,9,71760.97,51561315,8.046288,2,REFORMA 330 CENTRO 72629,37
MATEO DE LA ROSA SERNA,20,Ingenieria Ambiental,3,71691.06,121885070,8.22984,1,IO PAPAGAYO 5501 NO. 5501 S/N SAN MANUEL FOVISSSTE 72579,38
IKER EDUARDO JAIME CHACON,21,Ingenieria En Computacion,6,71489.59,190536366,7.650492,1,CARR INTERNACIONAL KM NO 5 LAS ,39
AURORA CERON CARRERA,25,Ingenieria En Computacion,10,71262.664,686823712,7.904022,1,NICOLAS ROMERO SN NO. 799 BARRIO TLATILCO 547,40
INES PRADO ORTEGA,25,Ingenieria Electrica Electronica,9,71051.35,510564791,7.612645,3,HUASTECA NO. 888 INDUSTRIAL,41
EDER FELIPE ABARCA,26,Ingenieria Aeroespacial,8,70888.31,612198364,8.07844,1,5 DE Enero 1300 OTE NO. S/N DURANGO CENTRO 34003,42
JESUS ANGEL PADILLA JERONIMO,26,Ingenieria Electrica Electronica,8,70878.414,591046564,7.8590064,3,ARISTOTELES NO. 8 FRACC. MONUMENTAL 32317,43
FATIMA GUADALUPE MANUEL LUIS,24,Ingenieria En Computacion,7,70820.51,471258232,7.9958644,0,MADERO 29 OTE CULIACAN CENTRO 80729 ,44
AYLIN VALDIVIA ORTIZ,17,Ingenieria Aeroespacial,2,70723.9,330857046,7.8582106,1,RIO ELBA 8 DEL VALLE 45418,45
LUZ MARIA GODINEZ SANDOVAL,25,Ingenieria Industrial,10,70651.36,215462585,7.829273,3,5 DE FEBRERO 1300 OTE NO. S/N DURANGO CENTRO 34001,46
FERNANDA GUADALUPE AYALA CABALLERO,23,Ingenieria En Computacion,6,70640.71,419811129,8.119622,1,Av La Paz 2183-B Cp. 44145,47
MONSERRATH AYALA PEDRAZA,25,Ingenieria Mecanica,8,70624.984,435503616,8.071426,0,ALMAZAN 1750 PTE TOPO CHICO 68753,48
MIA PEREZ NAVARRETE,23,Ingenieria Ambiental,6,70603.25,560681226,8.146529,0,MADERO 68 OTE CULIACAN CENTRO 80788 ,49
ANGEL DAMIAN ALEJO LEYVA,16,Ingenieria Industrial,2,70281.734,395876750,7.809082,0,  CHICLE NO. 67 NO. 89 GRANJAS MEXICO 08409,50
LIAM TADEO ALMANZA RICO,15,Ingenieria Mecanica,2,70186.83,612826667,7.798537,1,DURANGO NO.239 SUR CIUDAD OBREGON 85072,51
JOSE SANTIAGO ESCOBEDO CORDOVA,16,Ingenieria Aeroespacial,2,70000.4,658364283,7.7778215,0,IO PAPAGAYO 5501 NO. 5890 S/N SAN MANUEL FOVISSSTE 72599,52
ELEAZAR PASCUAL MATIAS,20,Ingenieria Electrica Electronica,3,69883.3,167884403,8.022317,1,8 DE JULIO 2462 S/N ZONA INDUSTRIAL 44940,53
ANGELA ROBLEDO QUIROZ,18,Ingenieria Ambiental,3,69866.96,528258886,8.020441,1,CERRO MEZONTEPEC NO. 137 CAMPESTRE CHURUBUSCO 57851,54
ELIAS MIRELES HERRERA,22,Ingenieria Ambiental,5,69524.94,657906500,7.900561,0,DURANGO NO.69 SUR CIUDAD OBREGON 85059,55
JOSE MATIAS ROQUE CHAVARRIA,20,Ingenieria Aeroespacial,3,69447.516,147986958,8.013175,0,REFORMA 789 CENTRO 98848,56
NATHALIA SEGUNDO MUÑOZ,19,Ingenieria Aeroespacial,4,69112.29,686477558,8.083308,1, 58 NO. 22 NO. 2 FATIMA 24683,57
GRECIA OLIVARES LORENZO,26,Ingenieria En Computacion,8,69062.73,51851219,8.125027,0, GUERRERO NO. 10 ZACATECAS CENTRO 98800,58
JIMENA GUADALUPE RUEDA MELCHOR,17,Ingenieria En Computacion,2,69037.266,583611631,7.670807,1,ZACATECAS NO. 742 RODRIGUEZ 85789,59
LUIS MARIO ZARATE BERNAL,17,Ingenieria Industrial,2,69021.57,327717761,7.6690636,1,8 NO. 834 FILADELFIA 35016,60
JESUS EDUARDO SAAVEDRA VALDIVIA,25,Ingenieria Aeroespacial,10,68977.11,342546151,7.9834623,2,  CHICLE NO. 72 NO. A GRANJAS MEXICO 08403,61
LUIS DAVID LIRA ALMANZA,18,Ingenieria Aeroespacial,3,68955.766,289873115,7.91584,1,JUAREZ SUR NO 433 SAN LORENZO 23988,62
LUIS MANUEL GAMEZ JASSO,22,Ingenieria Mecanica,5,68662.77,410167206,8.112331,2,IO PAPAGAYO 5501 NO. 5501 S/N SAN MANUEL FOVISSSTE 7256,63
CELESTE ZAMBRANO PRADO,18,Ingenieria Mecanica,3,68491.94,244123812,7.3384213,1,ARGENTINA NO. 68 PANAMERICANA 31209,64
ALEXA YAMILETH CASTELLANOS CORDOVA,23,Ingenieria Ambiental,5,68202.234,590173198,7.7221727,1,SEXTA Y LAG SALADA 3 INDUSTRIAL 87389,65
ALLISON GUADALUPE DE LA CRUZ DE LOS SANTOS,20,Ingenieria Ambiental,4,68100.44,318597554,7.545755,1,  AV AMERICAS NO. 790 NO. 6 MARGARITAS 38903,66
JESUS MATEO VELASCO ARELLANO,26,Ingenieria Ambiental,8,67925.445,163505208,7.961957,1,ALMAZAN 8632 PTE TOPO CHICO 64232,67
MELANIE TRUJILLO MONTES,18,Ingenieria Ambiental,3,67681.96,118644031,7.809457,2,  CHICLE NO. 131 NO. A GRANJAS MEXICO 08468,68
ANDREA VALENTINA JAIME FELIX,19,Ingenieria En Computacion,3,66923.51,632946186,8.273511,2,KM 9 SN CERRO PRIETO 1 60493,69
ANGEL GAEL RUBIO LOZANO,18,Ingenieria Electrica Electronica,4,66873.06,143061383,7.82141,2,SALVADOR NAVA 445 VIRREYES 78260,70
ERICK ALEXANDER BARRAZA VALDES,15,Ingenieria En Computacion,1,66770.41,358051698,8.346301,1,5 DE Enero 67 OTE NO. S/N DURANGO CENTRO 84907,71
ANA MARIA PATIÑO RICO,20,Ingenieria En Computacion,4,66570.04,476721437,7.8317695,0,ZACATECAS NO. 799 RODRIGUEZ 36775,72
ERICK SANTIAGO MEDINA PIÑA,25,Ingenieria Ambiental,10,66402.98,640021228,8.097923,0,8 NO. 834 FILADELFIA  57778,73
MAGALI ESPARZA VEGA,26,Ingenieria Electrica Electronica,9,66305.3,122521039,7.650611,0,ALLENDE 888 ESQ ALTAMIRANO CENTRO 36900,74
EVA HIDALGO MEDINA,19,Ingenieria Ambiental,3,66222.11,11112784,7.6410127,2,CERRO MEZONTEPEC NO. 790 CAMPESTRE CHURUBUSCO 04209,75
ANA PAULA CRUZ RODRIGUEZ,26,Ingenieria Industrial,9,66213.65,131041144,8.276706,0,PLAN DE SAN LUIS MZ. 53 L 602 SN SANTA MARIA AZTAHUACAN 68843,76
ROGELIO QUINTANA OCAMPO,23,Ingenieria Aeroespacial,6,66160.63,325511342,7.8971586,1,CEDROS NO. 7 V DE COMERCIANTES LA MESA 62929,77
EVELIN LANDEROS NIETO,26,Ingenieria Mecanica,9,66002.0,236662968,8.02727,0,REFORMA 330 CENTRO 79292,78
JOSE DAVID VELEZ ANGULO,24,Ingenieria Industrial,7,65976.58,51093582,8.196886,1,CEDROS NO. 2 V DE COMERCIANTES LA MESA 22627,79
LUIS SANTIAGO ORTIZ MONROY,24,Ingenieria Aeroespacial,7,65815.484,211793834,7.873434,3,8 NO. 834 FILADELFIA  57999,80
AXEL JESUS ALANIS HIDALGO,19,Ingenieria Ambiental,4,65725.31,275577075,7.687171,1,NICOLAS ROMERO SN NO. S/N BARRIO TLATILCO 5477,81
ERNESTO SANCHEZ RUBIO,18,Ingenieria Aeroespacial,4,65165.35,128454150,8.145669,0,HUASTECA NO. 45 INDUSTRIAL,82
ERICK GAEL RINCON ORNELAS,19,Ingenieria Ambiental,3,65094.984,276653996,7.472638,1,PLAN DE SAN LUIS MZ. 57 L 602 SN SANTA MARIA AZTAHUACAN 09588,83
JORGE LUIS BERNAL MATIAS,25,Ingenieria En Computacion,9,65068.66,396952144,7.913756,0,SALVADOR NAVA 445 VIRREYES 78992,84
VICTOR MANUEL ESCOBEDO CAAMAL,15,Ingenieria Industrial,1,64992.035,697845832,8.124004,1,SEXTA Y LAG SALADA 21 INDUSTRIAL 87829,85
PATRICIA MILLAN JASSO,24,Ingenieria En Computacion,7,64980.215,272742018,8.122527,0,CALLE DOS 89 AMP STA JULIA 42089,86
LIA HURTADO ADAME,19,Ingenieria Electrica Electronica,3,64727.098,227678381,8.001976,1,NICOLAS ROMERO SN NO. S/N BARRIO TLATILCO 57390,87
DANAE CHAVEZ ARELLANO,23,Ingenieria Electrica Electronica,6,64602.05,593524118,8.019566,1,RIO ELBA 26 DEL VALLE 45922,88
ANA LAURA GALVAN VIDAL,22,Ingenieria Electrica Electronica,6,64204.14,641844333,7.937325,2,  CARR INTERNACIONAL KM NO 6 ,89
MARIA REGINA SALVADOR RIVERA,26,Ingenieria Ambiental,8,64120.426,387924537,8.273603,0,PLAN DE SAN LUIS MZ. 57 L 602 SN SANTA MARIA AZTAHUACAN 09500,90
JUAN CARLOS BETANCOURT OCHOA,25,Ingenieria Industrial,10,64107.598,692191917,8.17699,1,HUASTECA NO. 89 INDUSTRIAL 62829,91
YULISSA LANDEROS COVARRUBIAS,22,Ingenieria Ambiental,5,63444.176,487668151,7.836484,2,KM 1.5 SN CERRO PRIETO 1 21701,92
LIA AITANA FONSECA LEYVA,21,Ingenieria Aeroespacial,6,63044.64,512142697,8.223214,0,8 NO. 834 FILADELFIA 350180,93
MARIANA JACOBO VEGA,21,Ingenieria Aeroespacial,6,63020.977,576358952,7.823294,1,HUASTECA NO. 89 INDUSTRIAL 62829,94
EVA MARIN CARMONA,24,Ingenieria En Computacion,7,62837.9,219612684,7.775397,2,ALLENDE 790 ESQ ALTAMIRANO CENTRO 36558,95
ALAN MATEO NIEVES NAJERA,25,Ingenieria Industrial,10,62817.855,140983678,7.9799104,2,HUASTECA NO. 151 INDUSTRIAL,96
CARLOS EDUARDO UC PASCUAL,23,Ingenieria Mecanica,5,62803.57,66822902,7.850446,0,JUAREZ SUR NO 79 SAN LORENZO 23988,97
YAZMIN DELGADILLO PIÑA,19,Ingenieria Mecanica,4,62736.523,227858829,8.36487,0,CALLE DOS 889 AMP STA JULIA 42089,98
ADRIANA SANTIZ AGUILAR,23,Ingenieria En Computacion,5,62617.242,148196251,7.7650347,1,NICOLAS ROMERO SN NO. S/N BARRIO TLATILCO 57290,99
MARLENE OSUNA SOLIS,24,Ingenieria En Computacion,8,62590.094,553776418,7.781208,1, 58 NO. 22 NO. 2 FATIMA 27200,100
DYLAN EDUARDO BALDERAS LEYVA,23,Ingenieria Aeroespacial,5,62567.96,223971124,7.728256,2,RIO ELBA 26 DEL VALLE 45418,101
DANNA MICHELLE VICENTE FLORES,15,Ingenieria Mecanica,2,62474.094,556045250,7.7128515,1,Av Vallarta 947 Cp. 69739,102
YAZMIN CAUICH ESTRELLA,26,Ingenieria Industrial,10,62231.594,477822757,7.744101,1,KM 1.5 SN CERRO PRIETO 1 21708,103
ELIEL VASQUEZ GALINDO,26,Ingenieria En Computacion,10,61845.46,472491982,8.090719,1, AV. LOMAS VERDES NO. 89 NO. PB LA ALTEÑA 2DA SECC 52920,104
EMMA VALENTINA PEDROZA FRIAS,26,Ingenieria En Computacion,9,61822.98,191604278,7.8687325,2,PORTAL MORELOS NO. 59 NO. 1 PATZCUARO CENTRO 47899,105
JESUS DE LUNA SERRANO,25,Ingenieria Industrial,9,61377.938,184944607,8.0708,1,HUASTECA NO. 8 INDUSTRIAL,106
ISAI MURILLO ALEMAN,22,Ingenieria Aeroespacial,5,61015.93,291812621,7.9447823,1,PASEO DE LA VICTORIA NO. 385 CUMBRES 1ER SECTOR 64611,107
EDGAR DURAN CORREA,26,Ingenieria Ambiental,9,60966.004,479775525,8.06903,0,CERRO MEZONTEPEC NO. 790 CAMPESTRE CHURUBUSCO 29201,108
PAULA MONTAÑO RAZO,19,Ingenieria Aeroespacial,4,60621.242,673744203,8.082832,0,CEDROS NO. 7 V DE COMERCIANTES LA MESA 62929,109
FELIPE CORONADO MONTALVO,16,Ingenieria Mecanica,1,60246.29,168945505,7.530786,0,ALMAZAN 8632 PTE TOPO CHICO 67777,110
ARIEL FRANCO GALVAN,26,Ingenieria Industrial,9,60015.867,247711112,7.9432764,0,ALLENDE 890 ESQ ALTAMIRANO CENTRO 36356,111
IAN DAVID DEL ANGEL QUINTANA,16,Ingenieria Mecanica,2,59725.97,472652327,7.4657464,2,KM 9 SN CERRO PRIETO 1 72780,112
KEVIN FUENTES MONTEJO,24,Ingenieria Industrial,7,59579.26,465185920,8.341096,0,JUAREZ SUR NO 433 SAN LORENZO 83829,113
JUAN LUIS SALDAÑA AGUILERA,26,Ingenieria Industrial,9,59569.89,220108108,7.88425,0,  CHICLE NO. 131 NO. A GRANJAS MEXICO 08458,114
DYLAN SANTIAGO ARELLANO ALCALA,20,Ingenieria Electrica Electronica,3,59424.406,377053937,7.9115343,2,MADERO 68 OTE CULIACAN CENTRO 80700 ,115
IAN JESUS ARMENTA PUENTE,24,Ingenieria Mecanica,8,59347.9,273244432,8.115952,1,AV ESCONDIDA NO. 68 NO. S/N BENITO JUAREZ 35920,116
CARLOS DAMIAN POOT CUELLAR,20,Ingenieria Industrial,3,59325.41,657327724,7.9453673,1,RIO ELBA 8 DEL VALLE 78990,117
HANNA CERVANTES ANGULO,19,Ingenieria Aeroespacial,3,59089.094,341737305,7.8668914,2,CEDROS NO. 29 V DE COMERCIANTES LA MESA 26272,118
DIEGO ANTONIO RAZO RENTERIA,22,Ingenieria Aeroespacial,6,58883.35,618644508,8.029548,0, AV. LOMAS VERDES NO. 8999 NO. PB LA ALTEÑA 2DA SECC 53180,119
LORENA LEDEZMA BARAJAS,25,Ingenieria Industrial,8,58379.12,381041514,7.7259383,1,5 DE Enero 1300 OTE NO. S/N DURANGO CENTRO 34600,120
ANDREA ORDAZ GABRIEL,21,Ingenieria Mecanica,5,58266.938,319213431,7.9167037,2,IO PAPAGAYO 5501 NO. 5501 S/N SAN MANUEL FOVISSSTE 72560,121
CARLOS MANUEL SEGUNDO BERMUDEZ,22,Ingenieria Ambiental,6,58215.176,32493572,7.796675,2,PORTAL MORELOS NO. 89 NO. 1 PATZCUARO CENTRO 63738,122
ERICK ALEXANDER OROZCO BAEZ,25,Ingenieria Aeroespacial,7,58085.594,492361145,8.131983,0,ZACATECAS NO. 655 RODRIGUEZ 88630,123
ENRIQUE LARA FELIX,22,Ingenieria Electrica Electronica,6,58081.332,390296456,7.4463253,3,CERRO MEZONTEPEC NO. 57 CAMPESTRE CHURUBUSCO 76878,124
JULIO CESAR URBINA CAMACHO,20,Ingenieria Industrial,4,58068.168,616116752,7.7424226,0,8 NO. 834 FILADELFIA  57999,125
JAVIER VELEZ SOLORZANO,23,Ingenieria Industrial,6,57543.805,251696070,7.672508,3,CHICLE NO. 68 NO. A GRANJAS MEXICO 08407,126
LUIS ARMANDO LUCAS MENDOZA,25,Ingenieria En Computacion,9,57311.71,416712551,7.7577686,1,CERRO MEZONTEPEC NO. 137 CAMPESTRE CHURUBUSCO 04200,127
KAREN DURAN MONTOYA,17,Ingenieria Industrial,2,57256.094,249503614,8.179442,0,ALLENDE 890 ESQ ALTAMIRANO CENTRO 36558,128
MARIA DE LA LUZ PEDROZA LEON,17,Ingenieria Ambiental,1,57240.04,166998916,7.155005,1,CERRO MEZONTEPEC NO. 790 CAMPESTRE CHURUBUSCO 02790,129
LIAM ALEXANDER MAYA CERON,19,Ingenieria Ambiental,3,57231.203,51243668,8.361701,1,KM 1.5 SN CERRO PRIETO 1 21701,130
ETHAN MEJIA ALFARO,18,Ingenieria En Computacion,3,57201.41,639746027,8.357348,1,ARGENTINA NO. 777 PANAMERICANA 312,131
ESTEFANI MUÑIZ MOLINA,25,Ingenieria Industrial,8,57198.184,69509700,8.380686,1,CALLE DOS 26 AMP STA JULIA 63903,132
ANGEL ALEXIS JERONIMO BARCENAS,25,Ingenieria Aeroespacial,9,57011.914,522048870,8.0173,0, GUERRERO NO. 7 ZACATECAS CENTRO 83922,133
JOSE ANGEL MAYA VILLARREAL,22,Ingenieria Ambiental,6,57010.508,185816368,7.635336,2,ARISTOTELES NO. 6890 FRACC. MONUMENTAL 35789,134
JOSE JULIAN OLVERA BADILLO,20,Ingenieria Industrial,3,56771.605,165411390,8.294552,1,8 NO. 834 FILADELFIA 35272,135
MATHIAS TREVIÑO CARRANZA,18,Ingenieria Industrial,4,56692.855,566833627,7.459586,1,PORTAL MORELOS NO. 59 NO. 1 PATZCUARO CENTRO 43694,136
IAN GAEL IBARRA GAONA,19,Ingenieria Industrial,4,56674.42,348731220,8.096346,0,NICOLAS ROMERO SN NO. 8643 BARRIO TLATILCO 92929,137
ALAN EDUARDO LEON GAMBOA,25,Ingenieria Mecanica,10,56358.68,695428127,7.9873414,1,  AV AMERICAS NO. 790 NO. 6 MARGARITAS 36290,138
DANIELA GUADALUPE NERI VELAZQUEZ,15,Ingenieria Electrica Electronica,2,56259.35,679015083,7.8137984,1,NICOLAS ROMERO SN NO. 8643 BARRIO TLATILCO 54700,139
JESSICA ANAYA CANUL,21,Ingenieria Mecanica,6,56124.516,561526814,7.9172516,1,PORTAL MORELOS NO. 59 NO. 1 PATZCUARO CENTRO 48292,140
MANUEL ALEJANDRO ANDRES VILLA,18,Ingenieria Industrial,3,56115.59,692423108,7.5154805,1, 58 NO. 22 NO. 2 FATIMA 24870,141
JOSE DANIEL HERRERA ROMAN,20,Ingenieria En Computacion,3,55838.625,193955148,7.478387,1,CARR INTERNACIONAL KM NO 88 90077 ,142
ANA BELEN TRUJILLO TORRES,25,Ingenieria Aeroespacial,9,55778.605,455343342,7.9599485,2, GUERRERO NO. 108 ZACATECAS CENTRO 98899,143
CARLOS GAEL GONZALEZ CORTES,18,Ingenieria En Computacion,3,55772.832,512988551,7.469576,3,58 NO. 5789 NO. 2 FATIMA 24119,144
IKER ALEJANDRO SOSA VELASQUEZ,20,Ingenieria En Computacion,3,55542.234,643167486,8.0109,2, 58 NO. 22 NO. 2 FATIMA 63920,145
DAYANA DE LA CRUZ GUZMAN,15,Ingenieria En Computacion,1,55128.277,166851804,6.8910346,1,58 NO. 22 NO. 2 FATIMA 24116,146
IKER BARAJAS MUNGUIA,26,Ingenieria Electrica Electronica,7,54993.785,425357799,7.338495,1,8 NO. 689 FILADELFIA 49202,147
DIEGO ALEJANDRO GUADARRAMA AGUIRRE,24,Ingenieria Industrial,8,54968.39,16517816,7.980891,2,AV ESCONDIDA NO. 98 NO. S/N BENITO JUAREZ 57067,148
JESUS ALEXIS LOZANO MATIAS,26,Ingenieria Electrica Electronica,8,54868.5,217584301,7.762122,1,MADERO 29 OTE CULIACAN CENTRO 80000 ,149
FRANCISCO JAVIER CARMONA ZUÑIGA,26,Ingenieria En Computacion,7,54308.17,652336956,7.9960947,3,IO PAPAGAYO 5501 NO. 5890 S/N SAN MANUEL FOVISSSTE 79303,150
AMAIRANI ALTAMIRANO LARA,20,Ingenieria Electrica Electronica,4,54198.26,24566833,8.338194,0,MADERO 68 OTE CULIACAN CENTRO 80000 ,151
GILBERTO ANGELES SIERRA,25,Ingenieria Aeroespacial,10,53152.01,42032607,8.053335,0,Av Vallarta 947 Cp. 49299,152
JOHAN ALCANTAR ROLDAN,15,Ingenieria En Computacion,2,52710.97,633992427,8.36682,1,MADERO 68 OTE CULIACAN CENTRO 80000 ,153
ANA SOFIA POOT OLIVA,23,Ingenieria Aeroespacial,6,52688.99,226872883,7.78655,1,NICOLAS ROMERO SN NO. 799 BARRIO TLATILCO 547,154
ERIKA URBINA MELCHOR,25,Ingenieria Ambiental,8,52576.34,42069540,7.9888077,1,ARISTOTELES NO. 679990 FRACC. MONUMENTAL 32317,155
RUTH BECERRIL VELASCO,25,Ingenieria Mecanica,9,52399.023,329016928,8.130883,0,ARGENTINA NO. 713 PANAMERICANA 31217,156
OLIVER VICENTE NAVA,21,Ingenieria Aeroespacial,6,52307.586,524486072,8.006263,2,  CHICLE NO. 68 NO. A GRANJAS MEXICO 08402,157
ROLANDO GALICIA SARMIENTO,24,Ingenieria Mecanica,7,52099.605,693812917,8.161383,1,Av Vallarta 947 Cp. 450 68638,158
JOSE ANGEL PEREZ CUEVAS,25,Ingenieria Electrica Electronica,7,52097.297,218524255,7.9278493,0,KM 9 SN CERRO PRIETO 1 21990,159
ISAIAS ARANDA ESPARZA,24,Ingenieria En Computacion,8,51944.0,551277836,7.610842,1,SALVADOR NAVA 445 VIRREYES 78260,160
MARLENE ARTEAGA PULIDO,25,Ingenieria Industrial,10,51822.832,589111133,8.097318,0,PLAN DE SAN LUIS MZ. 53 L 602 SN SANTA MARIA AZTAHUACAN 09501,161
MONTSERRAT LIMON GALINDO,24,Ingenieria Mecanica,7,51744.207,399132985,7.7679715,1,  AV AMERICAS NO. 706 NO. 6 MARGARITAS 27897,162
SOPHIA CARDONA CALDERON,20,Ingenieria Electrica Electronica,3,51600.754,344513813,7.5390706,1,ALMAZAN 1750 PTE TOPO CHICO 69282,163
RUBI SANTIAGO VARELA,15,Ingenieria Ambiental,1,51559.453,453611154,8.593242,0,ARISTOTELES NO. 461 FRACC. MONUMENTAL 32316,164
DYLAN ALEXANDER JUAN ESPINOZA,26,Ingenieria Ambiental,10,51413.4,635336468,8.033343,0,8 NO. 699 FILADELFIA 35076,165
CECILIA GOMEZ VARGAS,21,Ingenieria Industrial,5,50984.66,439918004,7.2918563,2,ZACATECAS NO. 742 RODRIGUEZ 85789,166
ANGEL MANUEL DE LA CRUZ PORTILLO,17,Ingenieria Electrica Electronica,1,50955.16,211378865,7.961744,1,ZACATECAS NO. 655 RODRIGUEZ 886,167
ANA GUZMAN QUINTANA,24,Ingenieria Aeroespacial,7,50934.92,642675006,8.103283,0, AV. LOMAS VERDES NO. 427 NO. PB LA ALTEÑA 2DA SECC 53111,168
PABLO VENTURA UC,26,Ingenieria Aeroespacial,9,50841.113,56245360,8.170893,0,  CARR INTERNACIONAL KM NO 88 63933 ,169
TOMAS ALEJO SOLANO,22,Ingenieria Ambiental,6,50692.25,52101844,7.680644,3,ARGENTINA NO. 713 PANAMERICANA 31258,170
JULIAN DE LEON ARMENTA,17,Ingenieria Electrica Electronica,1,50624.547,157491716,8.437424,0,Av Vallarta 947 Cp. 450 68638,171
VANIA LARA GAMEZ,25,Ingenieria Ambiental,9,50602.953,678671143,7.943486,2,PASEO DE LA VICTORIA NO. 385 CUMBRES 1ER SECTOR 64611,172
KARLA OSORIO ANAYA,26,Ingenieria Electrica Electronica,10,50443.67,534302844,7.8818235,0,SEXTA Y LAG SALADA 21 INDUSTRIAL 86889,173
GLORIA CAUICH LEDEZMA,23,Ingenieria Mecanica,5,50422.867,639204605,7.612148,2,CERRO MEZONTEPEC NO. 56 CAMPESTRE CHURUBUSCO 04209,174
ALEXIA AMADOR TOLENTINO,25,Ingenieria Electrica Electronica,9,50400.0,591438439,7.9984326,1,CERRO MEZONTEPEC NO. 4 CAMPESTRE CHURUBUSCO 04209,175
ANTONELLA ROBLERO HIDALGO,15,Ingenieria Industrial,1,50348.715,21260922,7.8669868,1,MADERO 63 OTE CULIACAN CENTRO 80000 ,176
JADE SANTILLAN CRUZ,15,Ingenieria Mecanica,1,50346.47,193728192,7.866636,1,NICOLAS ROMERO SN NO. S/N BARRIO TLATILCO 54898,177
JANETH VALDES VERA,25,Ingenieria Aeroespacial,8,50332.414,42589570,7.9419985,1,HUASTECA NO. 89 INDUSTRIAL 68200,178
CAMILA ARAGON RUVALCABA,25,Ingenieria Ambiental,8,50279.785,672867239,7.840902,2,HUASTECA NO. 89 INDUSTRIAL 83839,179
 OSUNA CHI,15,Ingenieria Mecanica,1,50110.812,673445692,7.829814,1, GUERRERO NO. 5 ZACATECAS CENTRO 98322,180
HANNAH BOLAÑOS BARRIOS,19,Ingenieria Electrica Electronica,3,49976.754,333692801,8.031978,1,Av Vallarta 800 Cp. 67390,181
HELENA RESENDIZ ZAMORA,23,Ingenieria Mecanica,5,49820.61,250206441,7.78447,0,ALLENDE 790 ESQ ALTAMIRANO CENTRO 365,182
PEDRO AVALOS FELIX,25,Ingenieria En Computacion,9,49748.867,120723057,7.8950987,1,ARISTOTELES NO. 679 FRACC. MONUMENTAL 32317,183
ALAN EDUARDO MERCADO ANGUIANO,24,Ingenieria Aeroespacial,7,49476.57,365247632,7.750485,1, 58 NO. 22 NO. 2 FATIMA 24870,184
ADRIANA OSORIO AGUSTIN,25,Ingenieria En Computacion,9,49155.26,57240179,7.98231,2,IO PAPAGAYO 5501 NO. 5501 S/N SAN MANUEL FOVISSSTE 7256,185
ELIZA CAMPOS TAPIA,26,Ingenieria Electrica Electronica,8,48807.152,119878861,8.134525,0,REFORMA 699 CENTRO 72009,186
YAHIR ROSALES KU,24,Ingenieria Mecanica,8,48772.37,514456369,8.128728,0,Av La Paz 2183-B Cp. 44143,187
CARLOS DAVID CERDA VALDIVIA,26,Ingenieria En Computacion,10,48621.15,442858496,7.913598,2,SALVADOR NAVA 57 VIRREYES 782605,188
BERENICE CEJA FIGUEROA,18,Ingenieria Ambiental,3,48268.504,278088314,7.7574377,1,CALLE DOS 301 AMP STA JULIA 42088,189
MIA GUADALUPE SERRANO PEÑA,17,Ingenieria Electrica Electronica,1,48091.336,328362700,7.5142717,1,  CARR INTERNACIONAL KM NO 2 82829 ,190
MISAEL TEJEDA AYALA,22,Ingenieria Aeroespacial,6,48015.605,476227110,8.473342,0,GUERRERO NO. 108 ZACATECAS CENTRO 98000,191
PAULA MARIN CHAVARRIA,26,Ingenieria Industrial,9,47993.445,42491222,8.1807,1,NICOLAS ROMERO SN NO. S/N BARRIO TLATILCO 5477,192
IAN FERNANDO PAZ CHAVARRIA,24,Ingenieria Ambiental,8,47916.312,333752645,8.070116,2,PORTAL MORELOS NO. 59 NO. 1 PATZCUARO CENTRO 61682,193
KATHERINE BETANCOURT MONDRAGON,16,Ingenieria Aeroespacial,2,47582.574,1406485,7.4347773,2,5 DE FEBRERO783 OTE NO. S/N DURANGO CENTRO 340222,194
AXEL GAEL RUVALCABA LUCIO,23,Ingenieria Ambiental,5,47519.242,33852985,8.249867,1,8 DE JULIO 2462 S/N ZONA INDUSTRIAL 44940,195
LUIS ALEXANDER OJEDA SOLORZANO,25,Ingenieria Electrica Electronica,7,47480.645,525647737,7.6632133,2,  CHICLE NO. 68 NO. A GRANJAS MEXICO 08402,196
LIZBETH AYALA OLIVA,25,Ingenieria Aeroespacial,10,47477.605,243578244,8.185794,0,RIO ELBA 8 DEL VALLE 78990,197
CARLOS DAMIAN LEAL CHAVARRIA,17,Ingenieria Mecanica,2,47236.67,443037556,7.8727784,0,8 DE JULIO 2462 S/N ZONA INDUSTRIAL 44940,198
ANDREA ZACARIAS NORIEGA,21,Ingenieria En Computacion,6,46989.484,595664944,8.101635,1,ARGENTINA NO. 37 PANAMERICANA 312105,199
ANTONIA TOLEDO OLGUIN,17,Ingenieria Aeroespacial,1,46891.355,1238655,7.815225,0, GUERRERO NO. 108 ZACATECAS CENTRO 98899,200
ANGEL JESUS RAZO BELLO,26,Ingenieria Aeroespacial,9,46878.406,111481589,7.884449,2,5 DE Enero 1300 OTE NO. S/N DURANGO CENTRO 33578,201
SOFIA ABIGAIL OCAMPO VIDAL,20,Ingenieria Mecanica,3,46724.3,345746884,8.343624,1,CERRO MEZONTEPEC NO. 57 CAMPESTRE CHURUBUSCO 76878,202
ANGELICA ALVAREZ ANAYA,26,Ingenieria Electrica Electronica,7,46185.457,26935575,7.5637946,1,Av La Paz 2183-B Cp. 441489,203
IRVING SALGADO ALEJO,24,Ingenieria Ambiental,7,46139.164,12360332,7.9160323,1,  AV AMERICAS NO. 706 NO. 6 MARGARITAS 37890,204
MARIO ALBERTO LOERA ALTAMIRANO,25,Ingenieria Electrica Electronica,10,45969.203,116061805,7.9807634,2,HUASTECA NO. 15 INDUSTRIAL 47720,205
MIA BUSTOS MENDEZ,20,Ingenieria Electrica Electronica,4,45831.047,575298130,8.040534,1,CEDROS NO. 23 V DE COMERCIANTES LA MESA 83624,206
ROMINA RUEDA SALINAS,20,Ingenieria Mecanica,3,45615.277,431274406,7.8949513,2,SALVADOR NAVA 57 VIRREYES 75799,207
VICTOR MANUEL CADENA PASCUAL,22,Ingenieria Aeroespacial,6,45333.22,252231317,7.99998,0,CALLE DOS 889 AMP STA JULIA 42080,208
GAEL FUENTES VENTURA,26,Ingenieria Industrial,7,45134.703,327166362,8.130883,1,RIO ELBA 8 DEL VALLE 78996,209
JORGE ALBERTO BARRIENTOS VILLANUEVA,23,Ingenieria Electrica Electronica,6,45007.734,365413787,8.216422,1,REFORMA 789 CENTRO 07410,210
JOHAN GALVAN MIRANDA,21,Ingenieria Industrial,5,44791.36,681162664,7.998457,0,Av La Paz 2183-B Cp. 44100,211
JORGE ANTONIO OLVERA GARZA,15,Ingenieria Aeroespacial,2,44537.8,686318488,8.90756,0,Av La Paz 2183-B Cp. 73739,212
ARIANA SEGUNDO MERINO,19,Ingenieria En Computacion,4,44440.652,493417247,8.080118,0,ZACATECAS NO. 800 RODRIGUEZ 86390,213
ALEJANDRA GUADALUPE BADILLO DURAN,25,Ingenieria Electrica Electronica,7,44265.254,564193637,7.746419,0,  AV AMERICAS NO. 706 NO. 6 MARGARITAS 32307,214
GAEL ALEJANDRO SOLIS RAMIREZ,21,Ingenieria Ambiental,5,44041.32,15925801,7.646062,1,ALLENDE 790 ESQ ALTAMIRANO CENTRO 365,215
JIMENA GUADALUPE SIFUENTES RESENDIZ,15,Ingenieria En Computacion,2,44003.223,62140207,6.984638,3,  CHICLE NO. 131 NO. A GRANJAS MEXICO 06280,216
MILAGROS ANGELES ROQUE,26,Ingenieria Mecanica,10,43850.05,438984141,7.875368,2,Av Vallarta 947 Cp. 73839,217
AINHOA VELA DURAN,16,Ingenieria Mecanica,2,43806.12,335364105,8.112245,1,ZACATECAS NO. 655 RODRIGUEZ 36091,218
JESUS DAMIAN CALDERON RAMOS,26,Ingenieria Electrica Electronica,9,43800.465,648765426,7.7531414,1,CERRO MEZONTEPEC NO. 56 CAMPESTRE CHURUBUSCO 04209,219
MARIA ALEJANDRA ORNELAS CHABLE,18,Ingenieria Mecanica,4,43763.574,687368618,8.375804,1, GUERRERO NO. 10 ZACATECAS CENTRO 98800,220
ANDREA ACEVEDO BRIONES,25,Ingenieria Mecanica,7,43758.44,21052580,7.6577272,0,AV AMERICAS NO. 790 NO. 6 MARGARITAS 32348,221
MIRANDA GIRON MARES,25,Ingenieria Industrial,10,43529.2,693382871,8.060962,0,ARISTOTELES NO. 679990 FRACC. MONUMENTAL 32317,222
ALEX MATEO GALICIA,16,Ingenieria Aeroespacial,2,43359.766,692536104,7.7428155,2,SEXTA Y LAG SALADA 21 INDUSTRIAL 87300,223
MARIA ISABELLA GAMBOA LEAL,17,Ingenieria Mecanica,2,43306.66,414922863,8.019752,1,JUAREZ SUR NO 689 SAN LORENZO 23522,224
ROSARIO GABRIEL TORRES,24,Ingenieria Ambiental,7,43060.37,139877665,7.849546,3,PLAN DE SAN LUIS MZ. 53 L 602 SN SANTA MARIA AZTAHUACAN 68843,225
CAROLINA VALADEZ VENEGAS,20,Ingenieria Mecanica,4,42821.008,411517948,7.929816,2,ZACATECAS NO. 800 RODRIGUEZ 86390,226
YESENIA PEÑA PUENTE,25,Ingenieria Aeroespacial,10,42588.246,375002071,8.047666,1,KM 9 SN CERRO PRIETO 1 60493,227
ALEJANDRA ALVAREZ LEDEZMA,26,Ingenieria Aeroespacial,10,42320.87,324654845,7.9971404,1,SEXTA Y LAG SALADA 3 INDUSTRIAL 87359,228
DANNA NICOLAS COLIN,25,Ingenieria Mecanica,10,42163.336,543546771,7.5724382,2,IO PAPAGAYO 5501 NO. 5501 S/N SAN MANUEL FOVISSSTE 92829,229
GALILEA LEON VALLE,24,Ingenieria Aeroespacial,8,41664.53,515445064,8.332907,0,PASEO DE LA VICTORIA NO. 385 CUMBRES 1ER SECTOR 64073,230
LIA FERNANDA TOLEDO MEDINA,21,Ingenieria Ambiental,6,41135.11,561414934,8.227022,0, GUERRERO NO. 78 ZACATECAS CENTRO 98009,231
LUIS ADRIAN VIDAL BARRAZA,26,Ingenieria En Computacion,7,41003.766,686221700,8.011102,2,1 NORTE NO. 1215 FRANCISCO SARABIA 75730,232
JOSE CARLOS NIEVES FRANCO,19,Ingenieria Ambiental,3,40999.79,177951393,8.236565,1,CALLE DOS 889 AMP STA JULIA 42089,233
CRISTOBAL DEL ANGEL LIRA,26,Ingenieria Aeroespacial,9,40980.832,29974939,7.85854,1,ZACATECAS NO. 800 RODRIGUEZ 886800,234
ESTRELLA GUADALUPE BARCENAS SALVADOR,17,Ingenieria Ambiental,2,40757.28,681191418,7.278086,2,  CHICLE NO. 131 NO. A GRANJAS MEXICO 08458,235
JUAN MATEO MONDRAGON PAZ,16,Ingenieria En Computacion,2,40745.656,22551444,7.27601,2,CERRO MEZONTEPEC NO. 790 CAMPESTRE CHURUBUSCO 07410,236
LUIS ALEXANDER VENTURA SANTILLAN,26,Ingenieria Ambiental,9,40692.52,47579611,7.984723,2,AV. LOMAS VERDES NO. 8999 NO. PB LA ALTEÑA 2DA SECC 79008,237
LUIS SANTIAGO FLORES TRINIDAD,25,Ingenieria Industrial,9,40651.49,515131746,7.7953844,1,CERRO MEZONTEPEC NO. 790 CAMPESTRE CHURUBUSCO 04207,238
JOSE DAMIAN PAZ AGUILERA,26,Ingenieria Mecanica,8,40582.312,515645171,7.9281693,1,DURANGO NO.680 SUR CIUDAD OBREGON 85729,239
KENIA ZUÑIGA MENDOZA,20,Ingenieria Electrica Electronica,3,40559.918,654096016,8.148197,1, 58 NO. 22 NO. 2 FATIMA 24199,240
JOSE TADEO CORTEZ MENA,25,Ingenieria Aeroespacial,8,40325.41,366273031,8.065083,0,  CHICLE NO. 68 NO. A GRANJAS MEXICO 07300,241
DOMINIC PAZ FLORES,17,Ingenieria Aeroespacial,1,40284.625,329556565,6.7141037,2,5 DE FEBRERO 1300 OTE NO. S/N DURANGO CENTRO 340222,242
LIA FERNANDA QUINTERO CORONA,22,Ingenieria Ambiental,5,40272.023,111294588,8.067312,1,DURANGO NO.680 SUR CIUDAD OBREGON 85069,243
DANNA MICHELLE LAZARO LEYVA,23,Ingenieria Mecanica,5,40098.96,536178246,8.032644,1,AV ESCONDIDA NO. 68 NO. S/N BENITO JUAREZ 35920,244
VALENTINA GUADALUPE OSUNA VENTURA,25,Ingenieria Ambiental,9,39929.18,551964127,7.8349404,2,AV ESCONDIDA NO. 98 NO. S/N BENITO JUAREZ 58222,245
DYLAN SANTIAGO RUEDA PASCUAL,25,Ingenieria Aeroespacial,10,39883.16,330618403,7.9894147,2,Av La Paz 2183-B Cp. 44148,246
LORENA SALDAÑA VENTURA,21,Ingenieria Mecanica,6,39654.945,279865379,7.930989,0,ALMAZAN 1750 PTE TOPO CHICO 62028,247
GABRIEL MONTALVO FLORES,26,Ingenieria Aeroespacial,9,39548.684,11758541,8.089503,0,KM 9 SN CERRO PRIETO 1 21990,248
IKER MEZA CUEVAS,17,Ingenieria En Computacion,1,39498.29,333323578,6.5830474,2,SEXTA Y LAG SALADA 6890 INDUSTRIAL 87311,249
IAN GABRIEL REYNOSO PIÑA,25,Ingenieria En Computacion,8,39476.668,326912481,7.8953333,0,PASEO DE LA VICTORIA NO. 385 CUMBRES 1ER SECTOR 64600,250
JUANA BARRERA OLIVAS,26,Ingenieria En Computacion,7,39280.566,156127279,7.518545,3,  AV AMERICAS NO. 790 MARGARITAS 32357,251
MARIA DEL CARMEN AGUSTIN PIÑA,19,Ingenieria Electrica Electronica,4,39209.633,136006425,7.8419266,0,MADERO 29 OTE CULIACAN CENTRO 80729 ,252
ALEJANDRO ESCOBAR CEDILLO,18,Ingenieria Mecanica,4,38872.56,438254458,7.774512,0,RIO ELBA 68 DEL VALLE 45484,253
IAN ALEXIS ONTIVEROS BARRAZA,25,Ingenieria Industrial,7,38780.18,680195040,7.4227686,3,KM 9 SN CERRO PRIETO 1 72780,254
MARIANO ACEVEDO PALMA,25,Ingenieria Aeroespacial,8,38403.02,517397249,8.0848465,0,Av La Paz 2183-B Cp. 44145,255
DANILO CHI ALMANZA,22,Ingenieria Industrial,6,37982.004,123976525,7.858346,1,ARGENTINA NO. 79 PANAMERICANA 31273,256
PRISCILA AVALOS DIAZ,25,Ingenieria Electrica Electronica,9,37751.684,1885447,8.089646,0,PLAN DE SAN LUIS MZ. 53 L 602 SN SANTA MARIA AZTAHUACAN 09501,257
ISAAC MONTES GALVAN,26,Ingenieria Ambiental,7,37566.863,27683511,7.961835,1,REFORMA 330 CENTRO 72004,258
JOSE ALBERTO LUCAS JERONIMO,15,Ingenieria En Computacion,2,37445.215,185054102,7.489043,0,CEDROS NO. 2 V DE COMERCIANTES LA MESA 22450,259
ELIAS HERRERA PEDROZA,17,Ingenieria Industrial,2,37266.16,158141815,7.7637825,2,ALLENDE 116 ESQ ALTAMIRANO CENTRO 36583,260
ANGEL ALMANZA JOSE,25,Ingenieria Industrial,8,37125.285,357264204,7.8158493,2,CERRO MEZONTEPEC NO. 13 CAMPESTRE CHURUBUSCO 04282,261
ISABELLA AQUINO ZAMBRANO,18,Ingenieria Electrica Electronica,3,37122.777,312846952,8.03137,2, AV. LOMAS VERDES NO. 8999 NO. PB LA ALTEÑA 2DA SECC 63829,262
ELIAS ARTEAGA MURILLO,20,Ingenieria Mecanica,4,37095.125,595447135,7.493965,2,8 NO. 699 FILADELFIA 35258,263
CARLOS ADRIAN MONDRAGON ARTEAGA,25,Ingenieria Ambiental,8,37072.254,525593302,7.804685,2, AV. LOMAS VERDES NO. 427 NO. PB LA ALTEÑA 2DA SECC 53803,264
JOSE ANTONIO CHAN TEJEDA,26,Ingenieria Industrial,8,36935.152,592562819,8.207811,0,DURANGO NO.69 SUR CIUDAD OBREGON 85874,265
LEAH POOT IBARRA,23,Ingenieria Aeroespacial,6,36791.637,555167655,7.883922,0, AV. LOMAS VERDES NO. 427 NO. PB LA ALTEÑA 2DA SECC 53803,266
ANGEL URIEL ESPINOZA SERNA,19,Ingenieria Industrial,3,36717.984,291515882,7.868139,0,8 NO. 834 FILADELFIA  57989,267
ARLETH ELIAS TOLEDO,26,Ingenieria Industrial,9,36686.85,245535770,7.8531575,2,RIO ELBA 26 DEL VALLE 72904,268
DANNA VICTORIA VALENZUELA BARAJAS,26,Ingenieria Electrica Electronica,8,36546.7,230212430,8.098991,2,ZACATECAS NO. 27 RODRIGUEZ 88630,269
EMILIANO PEDRAZA ROMERO,18,Ingenieria Aeroespacial,3,36392.137,114458597,7.798315,0,SALVADOR NAVA 445 VIRREYES 47900,270
URIEL OLIVAS NIEVES,26,Ingenieria Industrial,10,36359.16,680415849,7.9041653,0,ALMAZAN 8632 PTE TOPO CHICO 64299,271
INES LEMUS GALINDO,17,Ingenieria En Computacion,1,36357.92,498288488,6.0596533,2,  AV AMERICAS NO. 706 NO. 6 MARGARITAS 32537,272
CARMEN CARBAJAL VELASQUEZ,23,Ingenieria Mecanica,6,35581.242,276591251,7.8874674,1,CERRO MEZONTEPEC NO. 137 CAMPESTRE CHURUBUSCO 04200,273
ROMINA SANTIAGO BALTAZAR,15,Ingenieria Ambiental,1,34877.25,384841757,7.2660933,2,JUAREZ SUR NO 589 SAN LORENZO 96329,274
MISAEL PEDRAZA BUSTAMANTE,25,Ingenieria Electrica Electronica,7,34773.703,186686246,7.830475,3,REFORMA 330 CENTRO 77996,275
LEILANY IBARRA TREVIÑO,16,Ingenieria Industrial,1,34556.41,581662457,7.1992517,1,CALLE DOS 689 AMP STA JULIA 42111,276
VANESSA PUENTE SILVA,24,Ingenieria Industrial,7,34527.625,674667401,8.056445,0,ALMAZAN 47 PTE TOPO CHICO 64285,277
IAN EDUARDO VELEZ DUARTE,15,Ingenieria Mecanica,1,34482.777,475247797,7.1839113,2,PASEO DE LA VICTORIA NO. 385 CUMBRES 1ER SECTOR 64073,278
CARLOS IVAN ARRIAGA MUÑIZ,24,Ingenieria Aeroespacial,7,34443.42,277131649,7.756101,1,RIO ELBA 26 DEL VALLE 45922,279
LEON AGUILAR RIVERA,26,Ingenieria Industrial,7,34382.434,553835148,8.022568,0,PLAN DE SAN LUIS MZ. 53 L 602 SN SANTA MARIA AZTAHUACAN 09500,280
LIAM MALDONADO MEDINA,20,Ingenieria Aeroespacial,3,34243.535,448017700,7.8620353,1,KM 1.5 SN CERRO PRIETO 1 21736,281
JESUS MIGUEL SANTIZ FONSECA,26,Ingenieria Industrial,10,34166.066,114208245,7.765015,0,8 NO. 834 FILADELFIA  92920,282
MARIA XIMENA BARRIENTOS SEGUNDO,26,Ingenieria En Computacion,10,33944.14,292905684,7.8720174,1,ZACATECAS NO. 655 RODRIGUEZ 31137,283
PEDRO CABALLERO SERRANO,16,Ingenieria Aeroespacial,1,33934.875,462388775,7.0697656,1,PASEO DE LA VICTORIA NO. 385 CUMBRES 1ER SECTOR 64892,284
EMILY GUADALUPE QUINTANA GARZA,24,Ingenieria Aeroespacial,8,33910.156,524825455,7.9322,2,RIO ELBA 26 DEL VALLE 45333,285
ISABEL ROBLERO MANUEL,15,Ingenieria Electrica Electronica,2,33857.42,348543951,8.464355,0,58 NO. 5789 NO. 2 FATIMA 24116,286
IVANNA SOFIA BALDERAS VALLE,26,Ingenieria Electrica Electronica,10,33805.11,453144749,7.818018,3,MADERO 290 OTE CULIACAN CENTRO 86282 ,287
SOFIA ISABELLA PATIÑO GUADARRAMA,26,Ingenieria Aeroespacial,10,33767.453,436138663,7.831042,1,  CARR INTERNACIONAL KM NO 96 ,288
JOSE ANDRES ESCALANTE SORIANO,23,Ingenieria Electrica Electronica,5,33761.586,513451040,7.645286,2, 58 NO. 22 NO. 2 FATIMA 24199,289
AZAEL VILLANUEVA OSORIO,18,Ingenieria Electrica Electronica,4,33758.785,350201301,7.8967924,1,AV. LOMAS VERDES NO. 427 NO. PB LA ALTEÑA 2DA SECC 531878,290
AXEL URIEL VALENZUELA FELIPE,23,Ingenieria Industrial,5,33597.25,562547088,7.9538946,1,ARGENTINA NO. 713 PANAMERICANA 31210,291
GERALDINE RUVALCABA ROSALES,15,Ingenieria En Computacion,1,33523.773,110161832,8.380943,0,DURANGO NO.239 SUR CIUDAD OBREGON 85059,292
EMILIA ZAMUDIO DAVILA,21,Ingenieria En Computacion,5,33511.016,496457313,7.933479,1,58 NO. 22 NO. 2 FATIMA 24853,293
DANAE TAPIA ALARCON,26,Ingenieria Mecanica,9,33114.977,446941672,8.278744,0,IO PAPAGAYO 46 NO. 5501 S/N SAN MANUEL FOVISSSTE 68921,294
BENJAMIN GALVAN RICO,24,Ingenieria Mecanica,7,33082.758,126157890,7.9463477,1,CEDROS NO. 23 V DE COMERCIANTES LA MESA 89393,295
LEONARDO CLEMENTE ARENAS,21,Ingenieria En Computacion,5,32499.316,5284845,8.124829,0,PASEO DE LA VICTORIA NO. 799 CUMBRES 1ER SECTOR 64647,296
ANGEL EDUARDO GODINEZ LIMON,20,Ingenieria En Computacion,3,32472.223,672311778,8.118055,0,  AV AMERICAS NO. 790 NO. 6 MARGARITAS 32304,297
NICOLE GUADALUPE GUERRA MURILLO,19,Ingenieria Industrial,4,32430.621,363047939,7.58611,1,CALLE DOS 689 AMP STA JULIA 42089,298
ELENA RICO JIMENEZ,18,Ingenieria En Computacion,4,32363.223,115793842,7.5703444,1,CERRO MEZONTEPEC NO. 13 CAMPESTRE CHURUBUSCO 04200,299
ANA CAMILA MORENO BECERRA,24,Ingenieria Ambiental,7,32239.709,254336455,8.296984,1,5 DE FEBRERO 1300 OTE NO. S/N DURANGO CENTRO 34000,300
LORENZO JARAMILLO VENEGAS,16,Ingenieria Aeroespacial,1,31976.21,668038222,6.6617103,1,CERRO MEZONTEPEC NO. 13 CAMPESTRE CHURUBUSCO 04200,301
HELENA VILLANUEVA CARRASCO,24,Ingenieria En Computacion,8,31699.855,27538787,7.924964,0,CEDROS NO. 23 V DE COMERCIANTES LA MESA 83624,302
MARIA ALEJANDRA FLORES GARDUÑO,15,Ingenieria Mecanica,2,31310.008,363062749,6.5229177,2,KM 1.5 SN CERRO PRIETO 1 21708,303
REYNA MANUEL GALICIA,16,Ingenieria Industrial,2,31253.492,161915730,7.8133726,0,PLAN DE SAN LUIS MZ. 53 L 602 SN SANTA MARIA AZTAHUACAN 09577,304
NATALY RENDON SANTIAGO,23,Ingenieria Industrial,6,31238.121,375368460,7.80953,0,DURANGO NO.1 SUR CIUDAD OBREGON 85089,305
JOSE RICARDO SALINAS MONTERO,21,Ingenieria Electrica Electronica,5,30913.023,535967201,8.050266,1,GUERRERO NO. 10 ZACATECAS CENTRO 98000,306
ALEXA NICOLE CARREON JIMENEZ,23,Ingenieria Electrica Electronica,5,30876.531,229967892,7.65787,4,Av Vallarta 890 Cp. 45277 ,307
VANIA VELAZQUEZ PADILLA,20,Ingenieria Aeroespacial,4,30814.16,187324296,8.10899,1,PORTAL MORELOS NO. 738 NO. 1 PATZCUARO CENTRO 43694,308
ARELI REYNOSO ALCANTARA,25,Ingenieria Aeroespacial,7,30618.727,676477506,8.243504,0,ZACATECAS NO. 742 RODRIGUEZ 78743,309
ALICIA MARTINEZ MAGAÑA,26,Ingenieria Industrial,7,30442.377,496247755,8.437084,1,  CHICLE NO. 131 NO. A GRANJAS MEXICO 08400,310
DIANA LAURA CARDENAS ARAGON,23,Ingenieria Industrial,5,30212.373,48805972,7.5530934,0, 58 NO. 22 NO. 2 FATIMA 63920,311
FRIDA DURAN ARANDA,18,Ingenieria En Computacion,3,30168.598,173126585,8.080874,1,8 NO. 699 FILADELFIA 38483,312
MAURICIO OLIVA BARRERA,25,Ingenieria Industrial,8,30150.781,469883092,7.9344163,2,ZACATECAS NO. 655 RODRIGUEZ 88657,313
RODOLFO PAREDES ARAUJO,20,Ingenieria Aeroespacial,3,29987.666,245343447,8.032411,1, 58 NO. 5789 NO. 2 FATIMA 62903,314
LEILANI RIOS PALMA,16,Ingenieria Mecanica,2,29956.125,378623169,7.4890313,0,Av Vallarta 890 Cp. 45089,315
JUAN JESUS SERVIN BARRIENTOS,23,Ingenieria Electrica Electronica,6,29888.285,356196676,8.005791,2,Av Vallarta 890 Cp. 45078,316
ANA SOFIA QUINTERO ROMO,15,Ingenieria Industrial,2,29839.555,116934249,7.4598885,2,RIO ELBA 8 DEL VALLE 78990,317
DAMARIS ESCOBEDO FRANCISCO,25,Ingenieria Mecanica,10,29835.406,433427998,8.011656,1,SEXTA Y LAG SALADA 3 INDUSTRIAL 87389,318
AMAYA VELA MEJIA,18,Ingenieria Industrial,4,29687.307,317253263,7.812449,1,PASEO DE LA VICTORIA NO. 799 CUMBRES 1ER SECTOR 64600,319
LEON JIMENEZ FRANCO,26,Ingenieria Aeroespacial,9,29622.725,334095184,7.573992,1,62 X 37 Y 39 322 A CENTRO 97000,320
ESTEFANY CABRERA VELASQUEZ,18,Ingenieria Industrial,4,29416.508,132414232,8.4047165,0,5 DE FEBRERO 1300 OTE NO. S/N DURANGO CENTRO 340222,321
VICTORIA ALEJANDRA TENORIO TOLEDO,18,Ingenieria Aeroespacial,4,29191.113,470128421,8.108643,2,PLAN DE SAN LUIS MZ. 53 L 602 SN SANTA MARIA AZTAHUACAN 68843,322
MIRIAM JAIMES LIRA,23,Ingenieria Industrial,5,29173.262,361266633,7.9275165,2,ZACATECAS NO. 68 RODRIGUEZ 36090,323
JOSE EMILIO PEREZ ROLDAN,23,Ingenieria Mecanica,5,29142.922,416557936,7.9192724,2,IO PAPAGAYO 729 NO. 5501 S/N SAN MANUEL FOVISSSTE 72579,324
MARIBEL OSORIO ARANDA,23,Ingenieria Mecanica,5,28962.264,616571662,8.0450735,0,FLORENCIO TREJO ENTRE CANALES Y NACIONES UNIDAS NO. 44 S/N NACIONES UNIDAS 87460,325
ALEXIA MEJIA GUTIERREZ,22,Ingenieria Aeroespacial,6,28143.895,34556677,7.940284,1,  CHICLE NO. 68 NO. A GRANJAS MEXICO 73829,326
FIDEL MARTINEZ FELIPE,19,Ingenieria Industrial,4,28133.87,585003273,7.35526,3, 58 NO. 5789 NO. 2 FATIMA 24909,327
YAMILETH ARIAS ROQUE,26,Ingenieria Industrial,9,28023.332,189788508,7.8815618,0,PLAN DE SAN LUIS MZ. 5 L 602 SN SANTA MARIA AZTAHUACAN 09507,328
ALICIA GAONA NUÑEZ,22,Ingenieria Electrica Electronica,6,28009.678,555555874,7.9024167,1,CARR INTERNACIONAL KM NO 5 LAS ,329
MARINA ESTRELLA LUIS,19,Ingenieria Mecanica,4,27892.062,1442934,7.747795,2,ZACATECAS NO. 655 RODRIGUEZ 88631,330
ANA LUISA ORDAZ TINOCO,23,Ingenieria Ambiental,6,27866.21,54070486,7.8619404,1,NICOLAS ROMERO SN NO. S/N BARRIO TLATILCO 57390,331
RUBEN FRANCO ROQUE,19,Ingenieria Aeroespacial,4,27735.604,243967606,7.7043343,2,PASEO DE LA VICTORIA NO. 799 CUMBRES 1ER SECTOR 64619,332
MARIA ELIZABETH RODRIGUEZ ACUÑA,22,Ingenieria Ambiental,6,27495.424,420188438,7.75733,1,HUASTECA NO. 888 INDUSTRIAL,333
NOEMI ARCE UC,16,Ingenieria Electrica Electronica,2,27423.62,184192373,6.529433,3,AV ESCONDIDA NO. 98 NO. S/N BENITO JUAREZ 58997,334
ANA FERNANDA VARGAS CERON,20,Ingenieria Mecanica,3,27369.963,64991351,8.210988,0,HUASTECA NO. 89 INDUSTRIAL,335
AITANA GUADALUPE AGUILAR ACUÑA,23,Ingenieria Mecanica,5,27369.502,181588683,7.405168,4,SEXTA Y LAG SALADA 8 INDUSTRIAL 87389,336
YAMILETH GUADALUPE ARREDONDO LOERA,26,Ingenieria Mecanica,9,27317.19,226845447,7.8575716,1,CALLE DOS 689 AMP STA JULIA 42089,337
SAUL ADAME GALVEZ,26,Ingenieria En Computacion,7,27235.432,561323482,7.943667,0,REFORMA 789 CENTRO 35700,338
ANA CRISTINA GARZA CLEMENTE,15,Ingenieria Ambiental,1,27210.14,427912441,7.5583715,2,  CHICLE NO. 68 NO. A GRANJAS MEXICO 73829,339
ISABELA ZARATE GUILLEN,20,Ingenieria En Computacion,3,27155.238,146817123,8.146571,0,ARISTOTELES NO. 446 FRACC. MONUMENTAL 32300,340
XIOMARA ARAGON ARIAS,18,Ingenieria Industrial,4,27022.342,464864838,7.720669,0,RIO ELBA 26 DEL VALLE 72904,341
CARLOS GAEL SEGUNDO RIVAS,25,Ingenieria En Computacion,10,26954.094,577755022,7.927675,0,SALVADOR NAVA 57 VIRREYES 78267,342
FELIPE DE JESUS LOZANO ESCALANTE,25,Ingenieria Industrial,8,26907.58,618296939,7.474328,4,AGUA CTE NO. 4558 Int. NO. 1308 AVIACION 22420,343
GIANNA ESTRADA NIEVES,23,Ingenieria En Computacion,5,26900.29,254115481,7.7836485,1,KM 974 SN CERRO PRIETO 1 21000,344
ISIDRO CARRERA CEDILLO,17,Ingenieria Industrial,2,26833.31,467034448,7.453697,1,NICOLAS ROMERO SN NO. S/N BARRIO TLATILCO 54776,345
FABIOLA LINARES MADRIGAL,23,Ingenieria Electrica Electronica,5,26782.238,361428614,7.7494903,1,8 NO. 834 FILADELFIA  59392,346
JOSE ANGEL SALVADOR ESPINOSA,22,Ingenieria Aeroespacial,5,26726.914,350025564,7.2627482,2,NICOLAS ROMERO SN NO. S/N BARRIO TLATILCO 50382,347
IKER MATIAS LUIS MENESES,19,Ingenieria Mecanica,4,26464.582,488598039,7.959273,1,5 DE Enero 1300 OTE NO. S/N DURANGO CENTRO 32672,348
MISAEL OROZCO ZAMORA,24,Ingenieria En Computacion,7,26423.361,117232151,8.173893,2,CERRO MEZONTEPEC NO. 137 CAMPESTRE CHURUBUSCO 04201,349
MICHELLE GUADALUPE ORNELAS VIDAL,17,Ingenieria En Computacion,2,26341.691,445417424,8.780563,0,PLAN DE SAN LUIS MZ. 53 L 602 SN SANTA MARIA AZTAHUACAN 09577,350
MIA VICTORIA GARDUÑO MENESES,20,Ingenieria Mecanica,4,26263.98,678712887,7.898941,1,IO PAPAGAYO 5501 NO. 5501 S/N SAN MANUEL FOVISSSTE 68028,351
MAURICIO VILLALOBOS GAYTAN,25,Ingenieria Industrial,8,25662.43,290994484,8.311718,2, 58 NO. 5789 NO. 2 FATIMA 86290,352
NAYELI MILLAN HERRERA,23,Ingenieria Aeroespacial,5,25604.605,535551491,8.001439,0,5 DE Enero 1300 OTE NO. S/N DURANGO CENTRO 34003,353
ANGEL MATIAS CANCHE TELLEZ,23,Ingenieria Mecanica,6,25525.0,654888392,7.458604,2,ALMAZAN 1750 PTE TOPO CHICO 62028,354
ANGEL MATEO BELTRAN AGUILAR,21,Ingenieria En Computacion,5,25328.875,350282146,8.245076,1,Av Vallarta 947 Cp. 450 68638,355
JOSE MATIAS RUIZ NAJERA,25,Ingenieria Industrial,7,25301.22,18219603,8.050388,0,Av Vallarta 890 Cp. 450,356
CARLOS DAVID ROQUE SANDOVAL,15,Ingenieria Electrica Electronica,1,25084.629,441643256,6.9679513,2,  CARR INTERNACIONAL KM NO 789 ,357
LUISA FERNANDA ZAPATA MELCHOR,25,Ingenieria Electrica Electronica,7,24719.375,218415901,7.885737,3,REFORMA 789 CENTRO 35778,358
MARIO MONDRAGON AYALA,20,Ingenieria Industrial,4,24645.492,529326376,7.823966,2,ALMAZAN 8632 PTE TOPO CHICO 67777,359
MIA ELIZABETH VELASCO FELIPE,15,Ingenieria Mecanica,2,24598.316,555557504,7.02809,3,SEXTA Y LAG SALADA 21 INDUSTRIAL 87350,360
MELANY LIMON ROJAS,26,Ingenieria Electrica Electronica,10,24524.055,568302249,7.8201704,1,CALLE DOS 889 AMP STA JULIA 42300,361
JUAN ANTONIO MUÑOZ TRINIDAD,18,Ingenieria Aeroespacial,3,24522.986,489374167,7.882387,1,DURANGO NO.6 SUR CIUDAD OBREGON 85045,362
JUAN DANIEL LEON RENDON,24,Ingenieria Aeroespacial,7,23613.555,534243359,8.264744,0,  CHICLE NO. 68 NO. A GRANJAS MEXICO 73829,363
GONZALO BARRIOS BOLAÑOS,21,Ingenieria Electrica Electronica,5,23547.256,29667602,7.998389,2,MADERO 290 OTE CULIACAN CENTRO58977,364
YULISSA VALLEJO GAONA,16,Ingenieria Mecanica,2,23545.672,676054497,7.8485565,0,REFORMA 330 CENTRO 77998,365
IAN ALEXANDER CARBAJAL ANGELES,17,Ingenieria Mecanica,1,23496.664,539446930,6.5268507,2,IO PAPAGAYO 5501 NO. 5501 S/N SAN MANUEL FOVISSSTE 9955,366
CARLOS DAVID ESCAMILLA AVILES,20,Ingenieria Aeroespacial,3,23487.027,695968800,7.3396955,3,CALLE DOS 301 AMP STA JULIA 420824,367
WENDY DE LA ROSA CORRAL,17,Ingenieria Mecanica,2,23421.281,192576414,7.3191504,2,AV NORTE 20 326 CENTRO 94300,368
MARIAN MATA DE LA TORRE,25,Ingenieria Ambiental,9,23198.342,3400834,8.030195,0,Av Vallarta 947 Cp. 45010,369
FERNANDA GUADALUPE ARREDONDO ARAGON,25,Ingenieria Electrica Electronica,10,23188.504,372624377,7.7089443,3,CERRO MEZONTEPEC NO. 4 CAMPESTRE CHURUBUSCO 04209,370
LEILANI MENDEZ HUERTA,15,Ingenieria En Computacion,2,23045.242,53603610,7.201638,2,ALMAZAN 8632 PTE TOPO CHICO 64232,371
SOFIA ESCALANTE ESCOBEDO,25,Ingenieria En Computacion,9,22772.068,298655107,7.8826394,0,ARISTOTELES NO. 56 FRACC. MONUMENTAL 32315,372
CAROLINA MORAN YAÑEZ,18,Ingenieria En Computacion,4,22593.64,111153924,7.927593,1,AV. LOMAS VERDES NO. 427 NO. PB LA ALTEÑA 2DA SECC 531878,373
CAMILA ZOE BRIONES DURAN,20,Ingenieria Ambiental,4,22327.945,59175576,7.834366,1,HUASTECA NO. 151 INDUSTRIAL 85300 ,374
DANIA TORRES ZAMUDIO,25,Ingenieria Industrial,9,22220.17,641425842,8.049346,2,Av La Paz 2183-B Cp. 44140,375
MIA VASQUEZ ZACARIAS,21,Ingenieria Aeroespacial,6,21965.143,238382995,8.236928,0,AV ESCONDIDA NO. 98 NO. S/N BENITO JUAREZ 58300,376
AMELIA PANTOJA VELASQUEZ,16,Ingenieria Mecanica,1,21747.197,157808090,6.795999,1,ZACATECAS NO. 655 RODRIGUEZ 32890,377
ARISBETH RANGEL MEJIA,26,Ingenieria Electrica Electronica,9,21578.932,523742847,8.092099,0,Av Vallarta 947 Cp. 450 68638,378
ALFREDO MERCADO OLIVARES,18,Ingenieria Aeroespacial,4,21333.852,43730648,7.1710424,3,79 NO. 834 FILADELFIA  57999,379
JOSE ANDRES RAMOS SARABIA,20,Ingenieria Mecanica,3,20969.488,662963404,7.258669,2,JUAREZ SUR NO 589 SAN LORENZO 56199,380
ALISON GUADALUPE BECERRIL SEGURA,21,Ingenieria Mecanica,5,20407.03,464052936,7.9219832,2,ARISTOTELES NO. 689 FRACC. MONUMENTAL 39300,381
ANGEL TADEO FELIPE CLEMENTE,25,Ingenieria Mecanica,8,20244.383,137818888,8.097754,0,HUASTECA NO. 89 INDUSTRIAL 83839,382
JUAN DE DIOS RENDON NAJERA,25,Ingenieria Mecanica,8,20220.555,132666789,7.7399254,2,CERRO MEZONTEPEC NO. 137 CAMPESTRE CHURUBUSCO 62729,383
ANGEL JESUS LUCIO SOSA,26,Ingenieria Aeroespacial,8,20145.53,138512712,7.7112074,2,AV ESCONDIDA NO. 699 NO. S/N BENITO JUAREZ 58390,384
MARIA LUISA MEDINA ADAME,25,Ingenieria Electrica Electronica,10,20135.41,358232580,7.902437,1, GUERRERO NO. 108 ZACATECAS CENTRO 98899,385
AXEL DAVID GARRIDO MATEO,19,Ingenieria Ambiental,3,20083.848,271296085,7.531442,3,AV ESCONDIDA NO. 68 NO. S/N BENITO JUAREZ 74739,386
DANNA VALERIA DZUL CARRANZA,23,Ingenieria Aeroespacial,5,20031.766,17982679,8.346569,0,ALMAZAN 1750 PTE TOPO CHICO 68759,387
MONTSERRAT TINOCO ARELLANO,18,Ingenieria Electrica Electronica,4,19531.53,233872355,8.223802,1,SALVADOR NAVA 57 VIRREYES 37389,388
IKER EDUARDO ARTEAGA QUIROZ,24,Ingenieria Electrica Electronica,8,19442.422,495064706,7.976378,1,8 NO. 834 FILADELFIA  52457,389
MONTSERRAT BECERRA APARICIO,20,Ingenieria Ambiental,4,19410.617,436171377,8.172892,1,ARISTOTELES NO. 446 FRACC. MONUMENTAL 32889,390
ARIANA FRANCO RESENDIZ,26,Ingenieria Industrial,9,18887.326,319634328,7.7266335,0,58 NO. 22 NO. 2 FATIMA 24859,391
ELIZA RUEDA GABRIEL,17,Ingenieria Aeroespacial,2,18536.715,421601006,6.8654494,1, AV. LOMAS VERDES NO. 427 NO. PB LA ALTEÑA 2DA SECC 53803,392
LUIS EDUARDO ANAYA DZUL,23,Ingenieria Industrial,6,18520.998,229977069,7.93757,0,1 NORTE NO. 1215 FRANCISCO SARABIA 75730,393
JOSE GUADALUPE VERA HERRERA,26,Ingenieria Aeroespacial,8,18376.494,310248664,7.737471,2,8 NO. 834 FILADELFIA  52457,394
ANGELICA TELLEZ LEYVA,21,Ingenieria En Computacion,6,18265.262,393626522,8.097899,1,NICOLAS ROMERO SN NO. 8643 BARRIO TLATILCO 547,395
AMAIA TOVAR JARAMILLO,17,Ingenieria Mecanica,1,18137.387,280574001,9.068694,0,ZACATECAS NO. 79 RODRIGUEZ 88639,396
DALIA JIMENEZ CHI,26,Ingenieria En Computacion,10,17848.85,473982289,8.113113,0, 58 NO. 22 NO. 2 FATIMA 24111,397
CARLOS IVAN YAÑEZ VICENTE,18,Ingenieria Industrial,4,17334.291,335181849,7.704129,2,ARGENTINA NO. 68 PANAMERICANA 31217,398
JORGE ALBERTO LIRA SAAVEDRA,25,Ingenieria Aeroespacial,7,17296.848,570113250,7.7899404,1,ARGENTINA NO. 69 PANAMERICANA 31210,399
KAREN PONCE VALENCIA,26,Ingenieria Electrica Electronica,10,17226.896,560141750,7.990212,1,CALLE DOS 889 AMP STA JULIA 42089,400
ELIAS TORRES HERNANDEZ,19,Ingenieria En Computacion,3,17190.459,158812097,7.4381785,2,CERRO MEZONTEPEC NO. 4 CAMPESTRE CHURUBUSCO 04209,401
CARLOS ANTONIO SIERRA ALARCON,17,Ingenieria Ambiental,1,17055.191,513684084,8.5275955,0,CHICLE NO. 131 NO. A GRANJAS MEXICO 08400,402
ALAN GAEL ZAMBRANO AMADOR,21,Ingenieria Mecanica,5,16920.867,35379649,7.6634364,2,Susana Gómez Palacios 3534 Paseos del Sol Cp 45050,403
SARA SOFIA RUEDA LEYVA,26,Ingenieria En Computacion,9,16699.418,31100415,7.6855273,1,CALLE DOS 301 AMP STA JULIA 42081,404
DANIELA SOFIA FONSECA RAMOS,20,Ingenieria Ambiental,4,16669.059,328481744,8.334529,0,PLAN DE SAN LUIS MZ. 53 L 602 SN SANTA MARIA AZTAHUACAN 09501,405
ANDREA VALENTINA VILLARREAL CORONADO,17,Ingenieria Mecanica,2,16428.627,673455921,8.2143135,0,MADERO 7 OTE CULIACAN CENTRO58945,406
LIA SOFIA ESPINOSA ARCOS,20,Ingenieria Mecanica,3,16305.122,66025304,8.152561,0,MADERO 68 OTE CULIACAN CENTRO 87421 ,407
DAMIAN ALEJANDRO SIFUENTES VELASCO,25,Ingenieria Electrica Electronica,7,16287.275,223074912,7.5575423,2, AV. LOMAS VERDES NO. 8999 NO. PB LA ALTEÑA 2DA SECC 79766,408
RENATA GUADALUPE VELEZ TENORIO,21,Ingenieria En Computacion,6,16221.344,378888773,8.39035,1,ARGENTINA NO. 713 PANAMERICANA 31258,409
SARA SOFIA PALMA VARELA,19,Ingenieria Industrial,4,16178.914,234786217,8.089457,0,CERRO MEZONTEPEC NO. 790 CAMPESTRE CHURUBUSCO 04795,410
LUIS ADRIAN ZAVALA ISLAS,22,Ingenieria Mecanica,5,16085.216,195833380,8.042608,0,5 DE FEBRERO 36 OTE NO. S/N DURANGO CENTRO 340240,411
LUIS ARMANDO VALLEJO LUCAS,26,Ingenieria Ambiental,9,16032.918,35474194,8.0164585,0,ZACATECAS NO. 655 RODRIGUEZ 886,412
ARLETH AMAYA ORTIZ,23,Ingenieria Ambiental,5,15996.58,447072330,7.9982896,0,CEDROS NO. 29 V DE COMERCIANTES LA MESA 22455,413
IVANNA SOFIA ALEMAN ROMAN,17,Ingenieria Mecanica,2,15987.974,387371850,7.993987,0,PLAN DE SAN LUIS MZ. 5 L 602 SN SANTA MARIA AZTAHUACAN 09509,414
MISAEL SANTIAGO DZUL,26,Ingenieria Ambiental,10,15814.731,388262847,7.907366,0,8 NO. 834 FILADELFIA 35272,415
ELIZA LOERA CRUZ,15,Ingenieria Electrica Electronica,2,15718.765,655685430,7.8593826,0,CALLE DOS 689 AMP STA JULIA 42089,416
MARCO ANTONIO RENDON CEJA,17,Ingenieria En Computacion,1,15603.847,516642068,7.8019233,0,AV ESCONDIDA NO. 29 NO. S/N BENITO JUAREZ 57009,417
GUADALUPE ROMO GAONA,17,Ingenieria Electrica Electronica,1,15564.307,265955842,7.782153,0,Av Vallarta 890 Cp. 07410,418
JESUS ANGEL MUNGUIA CLEMENTE,16,Ingenieria Electrica Electronica,1,15560.675,511982676,7.7803373,0,AV AMERICAS NO. 706 NO. 6 MARGARITAS 32539,419
EMANUEL ARREDONDO VILLEGAS,18,Ingenieria Industrial,4,15282.987,69381118,8.043677,1,PORTAL MORELOS NO. 59 NO. 1 PATZCUARO CENTRO 45738,420
SAID COLIN DE JESUS,26,Ingenieria Industrial,7,15175.703,380287253,7.8110237,1,CALLE DOS 689 AMP STA JULIA 4208,421
YAEL ALCALA SALVADOR,26,Ingenieria Electrica Electronica,7,15111.59,1351915,8.013721,2,  CARR INTERNACIONAL KM NO 8 ,422
KEVIN PEDROZA CANO,17,Ingenieria Electrica Electronica,1,14913.66,321234035,7.45683,0,NICOLAS ROMERO SN NO. 8643 BARRIO TLATILCO 5477,423
CAMILO GUZMAN AVILES,15,Ingenieria Aeroespacial,1,14707.211,37675816,6.128004,3,RIO ELBA 8 DEL VALLE 63893,424
XIMENA NICOLAS MANUEL,18,Ingenieria Mecanica,4,14614.479,170734659,7.6918306,1,  CHICLE NO. 131 NO. A GRANJAS MEXICO 08463,425
STEPHANIE ADAME NAVARRETE,20,Ingenieria Mecanica,4,14285.763,216188718,7.5188227,1,IO PAPAGAYO 5501 NO. 5890 S/N SAN MANUEL FOVISSSTE 72599,426
NATALIA GUADALUPE ZAMUDIO NEGRETE,26,Ingenieria En Computacion,7,13945.85,654368188,8.135078,0,ALLENDE 790 ESQ ALTAMIRANO CENTRO 39299,427
BELINDA CANCHE GALVEZ,16,Ingenieria Ambiental,2,13854.059,176407150,7.6966996,1,PASEO DE LA VICTORIA NO. 385 CUMBRES 1ER SECTOR 68321 ,428
DYLAN ALEXIS ALEJO FRIAS,15,Ingenieria Mecanica,2,13789.371,416267907,7.660762,1,CERRO MEZONTEPEC NO. 137 CAMPESTRE CHURUBUSCO 62729,429
FRANCISCO MARQUEZ PINEDA,25,Ingenieria Aeroespacial,8,13554.418,536091128,7.943981,1,IO PAPAGAYO 5501 NO. 5890 S/N SAN MANUEL FOVISSSTE 72599,430
VIOLETA RAMON ZAVALA,24,Ingenieria Aeroespacial,8,13442.836,416331188,7.878585,1,KM 9 SN CERRO PRIETO 1 21704,431
ANGEL TADEO MEDRANO DE LA TORRE,25,Ingenieria En Computacion,9,13203.508,669765166,7.7724133,2,RIO ELBA 8 DEL VALLE 86329,432
LUIS GERARDO MIRELES VELEZ,24,Ingenieria Electrica Electronica,8,13044.092,115745048,7.6448884,1,HUASTECA NO. 151 INDUSTRIAL 85338 ,433
EDITH DELGADILLO OROZCO,25,Ingenieria Aeroespacial,8,12964.74,343534073,7.79834,2,8 NO. 834 FILADELFIA  57778,434
IRVING ORTEGA CARRANZA,17,Ingenieria Industrial,1,12926.516,548564112,8.079073,1,58 NO. 5789 NO. 2 FATIMA 24907,435
YAMILETH BERNAL RODRIGUEZ,25,Ingenieria Ambiental,10,12723.62,18480149,8.114553,1,5 DE FEBRERO 1300 OTE NO. S/N DURANGO CENTRO 340,436
LUIS FERNANDO DZUL MONTIEL,23,Ingenieria Mecanica,6,12667.46,421351126,7.862561,1,SALVADOR NAVA 445 VIRREYES 47900,437
ANGEL DANIEL SARMIENTO BARRIENTOS,25,Ingenieria Ambiental,9,12613.083,55475812,8.10841,0,ZACATECAS NO. 799 RODRIGUEZ 36775,438
ISABELLA TEJEDA NUÑEZ,25,Ingenieria En Computacion,7,12238.57,517392874,7.5718427,2,RIO ELBA 8 DEL VALLE 78990,439
SOFIA RENATA ANGULO GAMEZ,21,Ingenieria Industrial,5,12115.42,690938181,7.887643,1,PORTAL MORELOS NO. 89 NO. 1 PATZCUARO CENTRO 61600,440
SOPHIA HEREDIA VALERIO,15,Ingenieria En Computacion,2,11680.327,520676627,7.3002043,2,62 X 37 Y 39 322 A CENTRO 97000,441
IAN ALEXIS SEGURA PALMA,24,Ingenieria Mecanica,8,11578.481,250122838,7.9169097,1,JUAREZ SUR NO 839 SAN LORENZO 96329,442
JESUS MANUEL CARBAJAL CERON,24,Ingenieria En Computacion,8,11559.296,139054759,7.903792,1,HUASTECA NO. 15 INDUSTRIAL 62729,443
JOSE DANIEL RAMON PADILLA,19,Ingenieria Ambiental,4,11279.215,473442991,7.9152384,1,8 NO. 790 FILADELFIA  57999,444
SILVIA BELTRAN MANUEL,17,Ingenieria En Computacion,2,11254.14,640016869,7.0338373,2,JUAREZ SUR NO 589 SAN LORENZO 73903,445
AURORA RAMON LANDEROS,26,Ingenieria Electrica Electronica,7,11212.976,251898044,8.079938,1,NICOLAS ROMERO SN NO. 8643 BARRIO TLATILCO 72829,446
LIA VALENTINA CARRANZA CANTU,25,Ingenieria Aeroespacial,7,10992.659,667094505,7.9211802,1,8 NO. 628 FILADELFIA 35016,447
JIMENA VALDES ARREDONDO,16,Ingenieria Industrial,1,10980.012,480446595,6.862508,1, GUERRERO NO. 108 ZACATECAS CENTRO 98001,448
MIGUEL PUENTE RAZO,26,Ingenieria Mecanica,9,10965.599,582458406,8.224198,0, AV. LOMAS VERDES NO. 8999 NO. PB LA ALTEÑA 2DA SECC 56789,449
RICARDO VILLARREAL BADILLO,24,Ingenieria Mecanica,7,10694.693,675414723,7.7064695,1, GUERRERO NO. 7 ZACATECAS CENTRO 83922,450
JENNIFER ROBLES GIRON,25,Ingenieria Ambiental,9,10389.501,579681380,7.969219,1,HALCON NO 110 CUAUHTEMOC 66450,451
JESUS DAVID HUERTA MARCIAL,24,Ingenieria Electrica Electronica,8,9988.873,288892093,7.991099,0,  AV AMERICAS NO. 706 NO. 6 MARGARITAS 32307,452
FRIDA SOFIA ORDAZ PRADO,25,Ingenieria Electrica Electronica,8,9890.111,566457027,7.9120893,0,CARR INTERNACIONAL KM NO 1 LAS ,453
ROSALINDA CHAN MADRIGAL,21,Ingenieria En Computacion,5,9404.855,233202272,8.163937,1,CEDROS NO. 7 V DE COMERCIANTES LA MESA 28743,454
ANA REGINA ISLAS PAREDES,16,Ingenieria Ambiental,1,8895.809,172442662,7.4131727,2,DURANGO NO.680 SUR CIUDAD OBREGON 63729,455
GENESIS ENRIQUEZ ONTIVEROS,25,Ingenieria Aeroespacial,9,8842.148,12452714,7.9579334,0,Av La Paz 2183-B Cp. 76890,456
LUIS FELIPE NAVA GUADARRAMA,16,Ingenieria Mecanica,1,8570.383,514796374,7.1419854,2,ALLENDE 116 ESQ ALTAMIRANO CENTRO 36500,457
ANA CAMILA CORTES FELIPE,15,Ingenieria En Computacion,1,8534.482,223283051,7.112068,2,PORTAL MORELOS NO. 93 NO. 1 PATZCUARO CENTRO 61600,458
IAN DANIEL FRANCISCO FELIPE,26,Ingenieria Mecanica,7,8482.851,249874300,7.640803,1,ARGENTINA NO. 68 PANAMERICANA 31213,459
CARLA MOTA SOSA,25,Ingenieria Mecanica,10,8261.083,47516113,8.261083,0,ARGENTINA NO. 777 PANAMERICANA 72829,460
MAGDALENA ESTRELLA VICENTE,15,Ingenieria Mecanica,2,8016.288,664456266,8.016288,0,ARGENTINA NO. 46 PANAMERICANA 31219,461
ROBERTO CARLOS MARIN ZARAGOZA,19,Ingenieria En Computacion,3,7689.715,18530905,7.209107,3,ARISTOTELES NO. 00 FRACC. MONUMENTAL 32315,462
JOEL SALVADOR SAAVEDRA,17,Ingenieria Mecanica,2,7618.326,150912428,7.6183267,0,Av Vallarta 890 Cp. 45062,463
ELISEO ALFARO RIVERA,20,Ingenieria Aeroespacial,3,7523.736,144143285,7.053502,3,Av La Paz 2183-B Cp. 44182,464
DYLAN MATEO MANZANO CORDOVA,19,Ingenieria Mecanica,4,7425.3315,396937227,7.8161383,1,GUERRERO NO. 7 ZACATECAS CENTRO 98909,465
ANGEL IVAN VERA ESPINO,17,Ingenieria Aeroespacial,2,7407.935,612828862,8.231039,1,REFORMA 789 CENTRO 62829,466
AMANDA FIGUEROA CABRERA,25,Ingenieria Industrial,9,7084.832,577906014,7.970436,0,NICOLAS ROMERO SN NO. 58 BARRIO TLATILCO 54775,467
FELIPE DE JESUS ESTEBAN PACHECO,25,Ingenieria Aeroespacial,9,7023.6353,218277933,7.9015894,0,JUAREZ SUR NO 89 SAN LORENZO 23988,468
ALICIA GARRIDO RENTERIA,25,Ingenieria Industrial,9,6988.5376,149587276,7.8621044,0,SALVADOR NAVA 445 VIRREYES 47981,469
LUIS GAEL VALERIO OCHOA,16,Ingenieria Aeroespacial,2,6941.504,312637646,7.7127824,1,ALLENDE 790 ESQ ALTAMIRANO CENTRO 36500,470
JOSE RAMON LORENZO CUELLAR,15,Ingenieria Aeroespacial,2,6816.2524,131722091,7.5736136,1,REFORMA 330 CENTRO 77998,471
JAZIEL GALLEGOS BARAJAS,17,Ingenieria Industrial,2,6710.668,189866541,7.4562974,1,CHICLE NO. 131 NO. A GRANJAS MEXICO 089632,472
NAHOMY VELASQUEZ DELGADO,25,Ingenieria Industrial,7,6475.39,217025277,8.012477,2,HUASTECA NO. 89 INDUSTRIAL 62829,473
ROBERTO SOSA CORONADO,17,Ingenieria Industrial,2,6437.6094,261996401,7.1528993,1,REFORMA 330 CENTRO 73920,474
GAEL ALEJANDRO OJEDA LEON,15,Ingenieria En Computacion,2,5921.362,434913294,7.401702,2,ZACATECAS NO. 655 RODRIGUEZ 36775,475
HUMBERTO VALENCIA OCAMPO,21,Ingenieria Aeroespacial,5,5828.348,273215901,7.918951,2,8 NO. 790 FILADELFIA  57999,476
XIMENA SOFIA AMAYA ZAPATA,15,Ingenieria Mecanica,2,5759.757,332918278,7.1996965,2,PORTAL MORELOS NO. 59 NO. 1 PATZCUARO CENTRO 45729,477
DIEGO EMILIANO PAZ CORREA,22,Ingenieria Industrial,5,5741.7275,271736077,7.80126,2, AV. LOMAS VERDES NO. 8999 NO. PB LA ALTEÑA 2DA SECC 56789,478
KIMBERLY CERDA MERCADO,23,Ingenieria Mecanica,6,5620.811,237786376,8.431216,0,8 NO. 834 FILADELFIA  57678,479
MIA NICOLE ANGULO FELIX,18,Ingenieria Aeroespacial,3,5483.0225,361754435,8.224533,0,SALVADOR NAVA 57 VIRREYES 78200,480
JOSE RICARDO QUINTERO CANCHE,21,Ingenieria Industrial,6,5429.8267,14867209,8.144739,0,REFORMA 32 CENTRO 7244,481
JESUS DAVID MONDRAGON DEL ANGEL,16,Ingenieria Electrica Electronica,1,5332.0254,619344380,6.6650314,3,CARR INTERNACIONAL KM NO 79 LAS ,482
ARISBETH RIOS SANCHEZ,22,Ingenieria En Computacion,6,5186.6636,350545321,8.048271,1, AV. LOMAS VERDES NO. 427 NO. PB LA ALTEÑA 2DA SECC 53121,483
TADEO DE JESUS GIL BRAVO,15,Ingenieria Aeroespacial,2,5006.093,44785697,7.151561,3,AV ESCONDIDA NO. 98 NO. S/N BENITO JUAREZ 58267,484
OLIVER TOVAR ARREOLA,23,Ingenieria Industrial,6,4963.1743,573626579,7.97653,2,CEDROS NO. 7 V DE COMERCIANTES LA MESA 22450,485
YARETZI GUADALUPE ANGELES PALMA,15,Ingenieria Ambiental,1,4937.9595,194154383,6.172449,3,  AV AMERICAS NO. 706 NO. 6 MARGARITAS 38390,486
ALEXANDRA SAUCEDO BALTAZAR,20,Ingenieria Ambiental,3,4783.1943,536642271,7.687276,1,CHICLE NO. 68 NO. A GRANJAS MEXICO 08403,487
IAN EDUARDO ALEJANDRO OLIVA,18,Ingenieria Mecanica,3,4733.1562,493722079,7.606858,1,REFORMA 789 CENTRO 72009,488
FERNANDA SOFIA PASCUAL MEJIA,19,Ingenieria Industrial,3,4463.357,459396658,7.7250414,2, AV. LOMAS VERDES NO. 68 NO. PB LA ALTEÑA 2DA SECC 53180,489
ADRIEL CARMONA GARRIDO,23,Ingenieria Aeroespacial,6,4443.106,477304480,7.4051766,3,ALMAZAN 46 PTE TOPO CHICO 68777,490
FRANCISCO JAVIER ROLDAN LOZANO,19,Ingenieria Industrial,4,4035.9268,673592738,8.071854,0,REFORMA 789 CENTRO 72004,491
MARIA DE LA LUZ LORENZO JIMENEZ,18,Ingenieria Mecanica,4,4032.5737,146363058,8.065147,0,HUASTECA NO. 7 INDUSTRIAL 73738,492
SOFIA VALENTINA ESCOBEDO MURILLO,19,Ingenieria Mecanica,4,4004.1785,127428123,8.008357,0,5 DE Enero 1300 OTE NO. S/N DURANGO CENTRO 34729,493
ADRIANA RUEDA ANDRES,24,Ingenieria Electrica Electronica,8,3890.8037,178094728,7.7816076,0, GUERRERO NO. 7 ZACATECAS CENTRO 98934,494
EDWIN CASAS MARIN,18,Ingenieria Aeroespacial,4,3629.1465,457685435,7.6403084,1,RIO ELBA 26 DEL VALLE 45353,495
DANNA VICTORIA VALADEZ ORTEGA,22,Ingenieria Industrial,5,3172.4963,682246429,8.261709,1,Av La Paz 2183-B Cp. 76890,496
MARIA EMILIA ALFARO VILLEGAS,25,Ingenieria Electrica Electronica,10,3040.5645,561663326,7.7565417,1,GUERRERO NO. 5 ZACATECAS CENTRO 987438,497
YULISSA ANTONIO ZUÑIGA,22,Ingenieria Electrica Electronica,5,2930.8748,331323975,7.6324863,1,CERRO MEZONTEPEC NO. 137 CAMPESTRE CHURUBUSCO 04201,498
ANGEL ALEXANDER FIGUEROA BAUTISTA,22,Ingenieria En Computacion,6,2560.6133,465678718,7.9467306,1,DURANGO NO.77 SUR CIUDAD OBREGON 85059,499
IKER ANTONIO ALFARO CASILLAS,23,Ingenieria Electrica Electronica,6,2495.487,529911482,8.021208,2,JUAREZ SUR NO 433 SAN LORENZO 23988,500
